year,constructor,wins,podiums,totalPoints,finishes,dnfs,raceCount,finishRate,winRate,avgPointsPerRace
2024,mclaren,6,21,609.0,48,0,48,100.0,12.5,12.69
2024,ferrari,5,22,595.0,48,0,48,100.0,10.42,12.4
2024,red_bull,9,18,537.0,46,0,48,95.83,18.75,11.19
2024,mercedes,4,9,433.0,48,0,48,100.0,8.33,9.02
2024,aston_martin,0,0,94.0,47,0,48,97.92,0.0,1.96
2024,alpine,0,2,63.0,45,0,48,93.75,0.0,1.31
2024,haas,0,0,51.0,45,0,48,93.75,0.0,1.06
2024,rb,0,0,40.0,46,0,48,95.83,0.0,0.83
2024,williams,0,0,17.0,43,0,47,91.49,0.0,0.36
2024,sauber,0,0,4.0,48,0,48,100.0,0.0,0.08
2023,red_bull,21,30,790.0,44,0,44,100.0,47.73,17.95
2023,mercedes,0,8,374.0,43,0,44,97.73,0.0,8.5
2023,ferrari,1,9,363.0,41,0,44,93.18,2.27,8.25
2023,aston_martin,0,8,266.0,43,0,44,97.73,0.0,6.05
2023,mclaren,0,9,266.0,43,0,44,97.73,0.0,6.05
2023,alpine,0,2,110.0,44,0,44,100.0,0.0,2.5
2023,williams,0,0,26.0,43,0,44,97.73,0.0,0.59
2023,alphatauri,0,0,22.0,42,0,44,95.45,0.0,0.5
2023,alfa,0,0,16.0,44,0,44,100.0,0.0,0.36
2023,haas,0,0,9.0,43,0,44,97.73,0.0,0.2
2022,red_bull,17,28,724.0,44,0,44,100.0,38.64,16.45
2022,ferrari,4,20,519.0,42,0,44,95.45,9.09,11.8
2022,mercedes,1,17,495.0,42,0,44,95.45,2.27,11.25
2022,alpine,0,0,170.0,44,0,44,100.0,0.0,3.86
2022,mclaren,0,1,150.0,43,0,44,97.73,0.0,3.41
2022,aston_martin,0,0,55.0,44,0,44,100.0,0.0,1.25
2022,alfa,0,0,53.0,43,0,44,97.73,0.0,1.2
2022,alphatauri,0,0,35.0,43,0,44,97.73,0.0,0.8
2022,haas,0,0,33.0,42,0,44,95.45,0.0,0.75
2022,williams,0,0,8.0,42,0,44,95.45,0.0,0.18
2021,mercedes,9,28,604.5,43,0,44,97.73,20.45,13.74
2021,red_bull,11,23,578.5,42,0,44,95.45,25.0,13.15
2021,ferrari,0,5,322.5,42,0,44,95.45,0.0,7.33
2021,mclaren,1,5,274.0,44,0,44,100.0,2.27,6.23
2021,alpine,1,2,155.0,43,0,44,97.73,2.27,3.52
2021,alphatauri,0,1,142.0,42,0,44,95.45,0.0,3.23
2021,aston_martin,0,1,77.0,43,0,44,97.73,0.0,1.75
2021,williams,0,1,23.0,43,0,44,97.73,0.0,0.52
2021,alfa,0,0,13.0,44,0,44,100.0,0.0,0.3
2021,haas,0,0,0.0,41,0,44,93.18,0.0,0.0
2020,mercedes,13,25,573.0,34,0,34,100.0,38.24,16.85
2020,red_bull,2,13,319.0,32,0,34,94.12,5.88,9.38
2020,racing_point,1,4,210.0,32,0,34,94.12,2.94,6.18
2020,mclaren,0,2,202.0,32,0,34,94.12,0.0,5.94
2020,renault,0,3,181.0,34,0,34,100.0,0.0,5.32
2020,ferrari,0,3,131.0,33,0,34,97.06,0.0,3.85
2020,alphatauri,1,1,107.0,33,0,34,97.06,2.94,3.15
2020,alfa,0,0,8.0,34,0,34,100.0,0.0,0.24
2020,haas,0,0,3.0,33,0,34,97.06,0.0,0.09
2020,williams,0,0,0.0,34,0,34,100.0,0.0,0.0
2019,mercedes,15,32,739.0,42,0,42,100.0,35.71,17.6
2019,ferrari,3,19,504.0,42,0,42,100.0,7.14,12.0
2019,red_bull,3,9,417.0,41,0,42,97.62,7.14,9.93
2019,mclaren,0,1,145.0,42,0,42,100.0,0.0,3.45
2019,renault,0,0,91.0,42,0,42,100.0,0.0,2.17
2019,toro_rosso,0,2,85.0,42,0,42,100.0,0.0,2.02
2019,racing_point,0,0,73.0,42,0,42,100.0,0.0,1.74
2019,alfa,0,0,57.0,42,0,42,100.0,0.0,1.36
2019,haas,0,0,28.0,41,0,42,97.62,0.0,0.67
2019,williams,0,0,1.0,42,0,42,100.0,0.0,0.02
2018,mercedes,11,25,655.0,42,0,42,100.0,26.19,15.6
2018,ferrari,6,24,571.0,42,0,42,100.0,14.29,13.6
2018,red_bull,4,13,419.0,42,0,42,100.0,9.52,9.98
2018,renault,0,0,122.0,39,0,42,92.86,0.0,2.9
2018,force_india,0,1,111.0,39,0,42,92.86,0.0,2.64
2018,haas,0,0,93.0,41,0,42,97.62,0.0,2.21
2018,mclaren,0,0,62.0,41,0,42,97.62,0.0,1.48
2018,sauber,0,0,48.0,40,0,42,95.24,0.0,1.14
2018,toro_rosso,0,0,33.0,38,0,42,90.48,0.0,0.79
2018,williams,0,0,7.0,40,0,42,95.24,0.0,0.17
2017,mercedes,12,26,668.0,40,0,40,100.0,30.0,16.7
2017,ferrari,5,20,522.0,36,0,40,90.0,12.5,13.05
2017,red_bull,3,13,368.0,37,0,40,92.5,7.5,9.2
2017,force_india,0,0,187.0,39,0,40,97.5,0.0,4.68
2017,williams,0,1,83.0,38,0,40,95.0,0.0,2.08
2017,renault,0,0,57.0,38,0,40,95.0,0.0,1.42
2017,toro_rosso,0,0,53.0,37,0,40,92.5,0.0,1.32
2017,haas,0,0,47.0,38,0,40,95.0,0.0,1.18
2017,mclaren,0,0,30.0,37,0,40,92.5,0.0,0.75
2017,sauber,0,0,5.0,40,0,40,100.0,0.0,0.12
2016,mercedes,19,33,765.0,40,0,42,95.24,45.24,18.21
2016,red_bull,2,16,468.0,41,0,42,97.62,4.76,11.14
2016,ferrari,0,11,398.0,39,0,42,92.86,0.0,9.48
2016,force_india,0,2,173.0,40,0,42,95.24,0.0,4.12
2016,williams,0,1,138.0,42,0,42,100.0,0.0,3.29
2016,mclaren,0,0,76.0,42,0,42,100.0,0.0,1.81
2016,toro_rosso,0,0,63.0,42,0,42,100.0,0.0,1.5
2016,haas,0,0,29.0,40,0,42,95.24,0.0,0.69
2016,renault,0,0,8.0,41,0,42,97.62,0.0,0.19
2016,sauber,0,0,2.0,42,0,42,100.0,0.0,0.05
2016,manor,0,0,1.0,39,0,42,92.86,0.0,0.02
2015,mercedes,16,32,703.0,38,0,38,100.0,42.11,18.5
2015,ferrari,3,16,428.0,37,0,38,97.37,7.89,11.26
2015,williams,0,4,257.0,37,0,38,97.37,0.0,6.76
2015,red_bull,0,3,187.0,37,0,38,97.37,0.0,4.92
2015,force_india,0,1,136.0,36,0,38,94.74,0.0,3.58
2015,lotus_f1,0,1,78.0,33,0,38,86.84,0.0,2.05
2015,toro_rosso,0,0,67.0,37,0,38,97.37,0.0,1.76
2015,sauber,0,0,36.0,36,0,38,94.74,0.0,0.95
2015,mclaren,0,0,27.0,34,0,38,89.47,0.0,0.71
2015,manor,0,0,0.0,35,0,36,97.22,0.0,0.0
2014,mercedes,16,31,701.0,38,0,38,100.0,42.11,18.45
2014,red_bull,3,12,405.0,38,0,38,100.0,7.89,10.66
2014,williams,0,9,320.0,35,0,38,92.11,0.0,8.42
2014,ferrari,0,2,216.0,37,0,38,97.37,0.0,5.68
2014,mclaren,0,2,181.0,38,0,38,100.0,0.0,4.76
2014,force_india,0,1,155.0,36,0,38,94.74,0.0,4.08
2014,toro_rosso,0,0,30.0,38,0,38,100.0,0.0,0.79
2014,lotus_f1,0,0,10.0,37,0,38,97.37,0.0,0.26
2014,marussia,0,0,2.0,29,0,31,93.55,0.0,0.06
2014,caterham,0,0,0.0,32,0,34,94.12,0.0,0.0
2014,sauber,0,0,0.0,37,0,38,97.37,0.0,0.0
2013,red_bull,13,24,596.0,38,0,38,100.0,34.21,15.68
2013,mercedes,3,9,360.0,38,0,38,100.0,7.89,9.47
2013,ferrari,2,10,354.0,38,0,38,100.0,5.26,9.32
2013,lotus_f1,1,14,315.0,37,0,38,97.37,2.63,8.29
2013,mclaren,0,0,122.0,38,0,38,100.0,0.0,3.21
2013,force_india,0,0,77.0,36,0,38,94.74,0.0,2.03
2013,sauber,0,0,57.0,37,0,38,97.37,0.0,1.5
2013,toro_rosso,0,0,33.0,38,0,38,100.0,0.0,0.87
2013,williams,0,0,5.0,38,0,38,100.0,0.0,0.13
2013,caterham,0,0,0.0,37,0,38,97.37,0.0,0.0
2013,marussia,0,0,0.0,37,0,38,97.37,0.0,0.0
2012,red_bull,7,14,460.0,40,0,40,100.0,17.5,11.5
2012,ferrari,3,15,400.0,38,0,40,95.0,7.5,10.0
2012,mclaren,7,13,378.0,38,0,40,95.0,17.5,9.45
2012,lotus_f1,1,10,303.0,38,0,40,95.0,2.5,7.58
2012,mercedes,1,3,142.0,39,0,40,97.5,2.5,3.55
2012,sauber,0,4,126.0,38,0,40,95.0,0.0,3.15
2012,force_india,0,0,109.0,38,0,40,95.0,0.0,2.72
2012,williams,1,1,76.0,38,0,40,95.0,2.5,1.9
2012,toro_rosso,0,0,26.0,40,0,40,100.0,0.0,0.65
2012,caterham,0,0,0.0,39,0,40,97.5,0.0,0.0
2012,hrt,0,0,0.0,37,0,40,92.5,0.0,0.0
2012,marussia,0,0,0.0,39,0,40,97.5,0.0,0.0
2011,red_bull,12,27,650.0,38,0,38,100.0,31.58,17.11
2011,mclaren,6,18,497.0,38,0,38,100.0,15.79,13.08
2011,ferrari,1,10,375.0,38,0,38,100.0,2.63,9.87
2011,mercedes,0,0,165.0,37,0,38,97.37,0.0,4.34
2011,renault,0,2,73.0,37,0,38,97.37,0.0,1.92
2011,force_india,0,0,69.0,38,0,38,100.0,0.0,1.82
2011,sauber,0,0,44.0,36,0,38,94.74,0.0,1.16
2011,toro_rosso,0,0,41.0,37,0,38,97.37,0.0,1.08
2011,williams,0,0,5.0,38,0,38,100.0,0.0,0.13
2011,hrt,0,0,0.0,35,0,38,92.11,0.0,0.0
2011,lotus_racing,0,0,0.0,38,0,38,100.0,0.0,0.0
2011,virgin,0,0,0.0,37,0,38,97.37,0.0,0.0
2010,red_bull,9,20,498.0,38,0,38,100.0,23.68,13.11
2010,mclaren,5,16,454.0,37,0,38,97.37,13.16,11.95
2010,ferrari,5,15,396.0,37,0,38,97.37,13.16,10.42
2010,mercedes,0,3,214.0,37,0,38,97.37,0.0,5.63
2010,renault,0,3,163.0,37,0,38,97.37,0.0,4.29
2010,williams,0,0,69.0,34,0,38,89.47,0.0,1.82
2010,force_india,0,0,68.0,35,0,38,92.11,0.0,1.79
2010,sauber,0,0,44.0,34,0,38,89.47,0.0,1.16
2010,toro_rosso,0,0,13.0,36,0,38,94.74,0.0,0.34
2010,hrt,0,0,0.0,37,0,38,97.37,0.0,0.0
2010,lotus_racing,0,0,0.0,36,0,38,94.74,0.0,0.0
2010,virgin,0,0,0.0,36,0,38,94.74,0.0,0.0
2009,brawn,8,15,172.0,33,0,34,97.06,23.53,5.06
2009,red_bull,6,16,153.5,33,0,34,97.06,17.65,4.51
2009,mclaren,2,5,71.0,31,0,34,91.18,5.88,2.09
2009,ferrari,1,6,70.0,33,0,34,97.06,2.94,2.06
2009,toyota,0,5,59.5,31,0,34,91.18,0.0,1.75
2009,bmw_sauber,0,2,36.0,34,0,34,100.0,0.0,1.06
2009,williams,0,0,34.5,34,0,34,100.0,0.0,1.01
2009,renault,0,1,26.0,32,0,34,94.12,0.0,0.76
2009,force_india,0,1,13.0,32,0,34,94.12,0.0,0.38
2009,toro_rosso,0,0,8.0,31,0,34,91.18,0.0,0.24
2008,ferrari,8,19,172.0,36,0,36,100.0,22.22,4.78
2008,mclaren,6,13,151.0,36,0,36,100.0,16.67,4.19
2008,bmw_sauber,1,11,135.0,36,0,36,100.0,2.78,3.75
2008,renault,2,4,80.0,34,0,36,94.44,5.56,2.22
2008,toyota,0,2,56.0,36,0,36,100.0,0.0,1.56
2008,toro_rosso,1,1,39.0,31,0,36,86.11,2.78,1.08
2008,red_bull,0,1,29.0,32,0,36,88.89,0.0,0.81
2008,williams,0,2,26.0,36,0,36,100.0,0.0,0.72
2008,honda,0,1,14.0,35,0,36,97.22,0.0,0.39
2008,force_india,0,0,0.0,33,0,36,91.67,0.0,0.0
2008,super_aguri,0,0,0.0,7,0,8,87.5,0.0,0.0
2007,mclaren,8,24,218.0,34,0,34,100.0,23.53,6.41
2007,ferrari,9,22,204.0,34,0,34,100.0,26.47,6.0
2007,bmw_sauber,0,2,101.0,34,0,34,100.0,0.0,2.97
2007,renault,0,1,51.0,34,0,34,100.0,0.0,1.5
2007,williams,0,1,33.0,34,0,34,100.0,0.0,0.97
2007,red_bull,0,1,24.0,33,0,34,97.06,0.0,0.71
2007,toyota,0,0,13.0,33,0,34,97.06,0.0,0.38
2007,toro_rosso,0,0,8.0,32,0,34,94.12,0.0,0.24
2007,honda,0,0,6.0,31,0,34,91.18,0.0,0.18
2007,super_aguri,0,0,4.0,34,0,34,100.0,0.0,0.12
2007,spyker,0,0,1.0,33,0,34,97.06,0.0,0.03
2006,renault,8,19,206.0,36,0,36,100.0,22.22,5.72
2006,ferrari,9,19,201.0,35,0,36,97.22,25.0,5.58
2006,mclaren,0,9,110.0,33,0,36,91.67,0.0,3.06
2006,honda,1,3,86.0,36,0,36,100.0,2.78,2.39
2006,bmw_sauber,0,2,36.0,35,0,36,97.22,0.0,1.0
2006,toyota,0,1,35.0,34,0,36,94.44,0.0,0.97
2006,red_bull,0,1,16.0,35,0,36,97.22,0.0,0.44
2006,williams,0,0,11.0,31,0,36,86.11,0.0,0.31
2006,toro_rosso,0,0,1.0,34,0,36,94.44,0.0,0.03
2006,mf1,0,0,0.0,24,0,28,85.71,0.0,0.0
2006,spyker_mf1,0,0,0.0,8,0,8,100.0,0.0,0.0
2006,super_aguri,0,0,0.0,33,0,36,91.67,0.0,0.0
2005,renault,8,18,191.0,36,0,38,94.74,21.05,5.03
2005,mclaren,10,18,182.0,35,0,38,92.11,26.32,4.79
2005,ferrari,1,9,100.0,38,0,38,100.0,2.63,2.63
2005,toyota,0,5,88.0,36,0,38,94.74,0.0,2.32
2005,williams,0,4,66.0,34,0,38,89.47,0.0,1.74
2005,bar,0,2,38.0,32,0,34,94.12,0.0,1.12
2005,red_bull,0,0,34.0,32,0,38,84.21,0.0,0.89
2005,sauber,0,0,20.0,36,0,38,94.74,0.0,0.53
2005,jordan,0,1,12.0,38,0,38,100.0,0.0,0.32
2005,minardi,0,0,7.0,38,0,38,100.0,0.0,0.18
2004,ferrari,15,29,262.0,36,0,36,100.0,41.67,7.28
2004,bar,0,11,119.0,35,0,36,97.22,0.0,3.31
2004,renault,1,6,105.0,35,0,36,97.22,2.78,2.92
2004,williams,1,4,88.0,35,0,36,97.22,2.78,2.44
2004,mclaren,1,4,69.0,36,0,36,100.0,2.78,1.92
2004,sauber,0,0,34.0,35,0,36,97.22,0.0,0.94
2004,jaguar,0,0,10.0,33,0,36,91.67,0.0,0.28
2004,toyota,0,0,9.0,34,0,36,94.44,0.0,0.25
2004,jordan,0,0,5.0,34,0,36,94.44,0.0,0.14
2004,minardi,0,0,1.0,34,0,36,94.44,0.0,0.03
2003,ferrari,8,16,158.0,31,0,32,96.88,25.0,4.94
2003,williams,4,12,144.0,32,0,32,100.0,12.5,4.5
2003,mclaren,2,13,142.0,30,0,32,93.75,6.25,4.44
2003,renault,1,5,88.0,30,0,32,93.75,3.12,2.75
2003,bar,0,0,26.0,30,0,32,93.75,0.0,0.81
2003,sauber,0,1,19.0,30,0,32,93.75,0.0,0.59
2003,jaguar,0,0,18.0,31,0,32,96.88,0.0,0.56
2003,toyota,0,0,16.0,32,0,32,100.0,0.0,0.5
2003,jordan,1,1,13.0,30,0,32,93.75,3.12,0.41
2003,minardi,0,0,0.0,31,0,32,96.88,0.0,0.0
2002,ferrari,15,27,221.0,31,0,34,91.18,44.12,6.5
2002,williams,1,13,92.0,33,0,34,97.06,2.94,2.71
2002,mclaren,1,10,65.0,34,0,34,100.0,2.94,1.91
2002,renault,0,0,23.0,33,0,34,97.06,0.0,0.68
2002,sauber,0,0,11.0,32,0,34,94.12,0.0,0.32
2002,jordan,0,0,9.0,32,0,34,94.12,0.0,0.26
2002,jaguar,0,1,8.0,32,0,34,94.12,0.0,0.24
2002,bar,0,0,7.0,33,0,34,97.06,0.0,0.21
2002,arrows,0,0,2.0,22,0,24,91.67,0.0,0.08
2002,minardi,0,0,2.0,29,0,32,90.62,0.0,0.06
2002,toyota,0,0,2.0,30,0,34,88.24,0.0,0.06
2001,ferrari,9,24,179.0,34,0,34,100.0,26.47,5.26
2001,mclaren,4,13,102.0,32,0,34,94.12,11.76,3.0
2001,williams,4,9,80.0,34,0,34,100.0,11.76,2.35
2001,sauber,0,1,21.0,29,0,34,85.29,0.0,0.62
2001,jordan,0,0,19.0,31,0,34,91.18,0.0,0.56
2001,bar,0,2,17.0,33,0,34,97.06,0.0,0.5
2001,benetton,0,1,10.0,33,0,34,97.06,0.0,0.29
2001,jaguar,0,1,9.0,31,0,34,91.18,0.0,0.26
2001,prost,0,0,4.0,32,0,34,94.12,0.0,0.12
2001,arrows,0,0,1.0,34,0,34,100.0,0.0,0.03
2001,minardi,0,0,0.0,32,0,34,94.12,0.0,0.0
2000,ferrari,10,21,170.0,31,0,34,91.18,29.41,5.0
2000,mclaren,7,22,162.0,33,0,34,97.06,20.59,4.76
2000,williams,0,3,36.0,34,0,34,100.0,0.0,1.06
2000,bar,0,0,20.0,34,0,34,100.0,0.0,0.59
2000,benetton,0,3,20.0,32,0,34,94.12,0.0,0.59
2000,jordan,0,2,17.0,30,0,34,88.24,0.0,0.5
2000,arrows,0,0,7.0,31,0,34,91.18,0.0,0.21
2000,sauber,0,0,6.0,30,0,34,88.24,0.0,0.18
2000,jaguar,0,0,4.0,33,0,34,97.06,0.0,0.12
2000,minardi,0,0,0.0,34,0,34,100.0,0.0,0.0
2000,prost,0,0,0.0,32,0,33,96.97,0.0,0.0
1999,ferrari,6,17,128.0,31,0,32,96.88,18.75,4.0
1999,mclaren,7,16,124.0,32,0,32,100.0,21.88,3.88
1999,jordan,2,6,61.0,29,0,32,90.62,6.25,1.91
1999,stewart,1,4,36.0,31,0,32,96.88,3.12,1.12
1999,williams,0,3,35.0,31,0,32,96.88,0.0,1.09
1999,benetton,0,1,16.0,30,0,32,93.75,0.0,0.5
1999,prost,0,1,9.0,29,0,32,90.62,0.0,0.28
1999,sauber,0,0,5.0,28,0,32,87.5,0.0,0.16
1999,arrows,0,0,1.0,30,0,32,93.75,0.0,0.03
1999,minardi,0,0,1.0,30,0,32,93.75,0.0,0.03
1999,bar,0,0,0.0,29,0,32,90.62,0.0,0.0
1998,mclaren,9,20,156.0,30,0,32,93.75,28.12,4.88
1998,ferrari,6,19,133.0,32,0,32,100.0,18.75,4.16
1998,williams,0,3,38.0,32,0,32,100.0,0.0,1.19
1998,jordan,1,3,34.0,30,0,32,93.75,3.12,1.06
1998,benetton,0,2,33.0,31,0,32,96.88,0.0,1.03
1998,sauber,0,1,10.0,30,0,32,93.75,0.0,0.31
1998,arrows,0,0,6.0,31,0,32,96.88,0.0,0.19
1998,stewart,0,0,5.0,29,0,32,90.62,0.0,0.16
1998,prost,0,0,1.0,29,0,32,90.62,0.0,0.03
1998,minardi,0,0,0.0,31,0,32,96.88,0.0,0.0
1998,tyrrell,0,0,0.0,24,0,29,82.76,0.0,0.0
1997,williams,8,15,123.0,32,0,34,94.12,23.53,3.62
1997,ferrari,5,13,102.0,31,0,34,91.18,14.71,3.0
1997,benetton,1,8,67.0,34,0,34,100.0,2.94,1.97
1997,mclaren,3,7,63.0,32,0,34,94.12,8.82,1.85
1997,jordan,0,3,33.0,32,0,34,94.12,0.0,0.97
1997,prost,0,2,21.0,34,0,34,100.0,0.0,0.62
1997,sauber,0,1,16.0,32,0,34,94.12,0.0,0.47
1997,arrows,0,1,9.0,32,0,34,94.12,0.0,0.26
1997,stewart,0,1,6.0,32,0,34,94.12,0.0,0.18
1997,tyrrell,0,0,2.0,34,0,34,100.0,0.0,0.06
1997,lola,0,0,0.0,0,0,2,0.0,0.0,0.0
1997,minardi,0,0,0.0,30,0,34,88.24,0.0,0.0
1996,williams,12,21,175.0,32,0,32,100.0,37.5,5.47
1996,ferrari,3,9,70.0,30,0,32,93.75,9.38,2.19
1996,benetton,0,10,68.0,31,0,32,96.88,0.0,2.12
1996,mclaren,0,6,49.0,31,0,32,96.88,0.0,1.53
1996,jordan,0,0,22.0,31,0,32,96.88,0.0,0.69
1996,ligier,1,1,15.0,31,0,32,96.88,3.12,0.47
1996,sauber,0,1,11.0,29,0,32,90.62,0.0,0.34
1996,tyrrell,0,0,5.0,31,0,32,96.88,0.0,0.16
1996,footwork,0,0,1.0,29,0,32,90.62,0.0,0.03
1996,forti,0,0,0.0,10,0,20,50.0,0.0,0.0
1996,minardi,0,0,0.0,25,0,32,78.12,0.0,0.0
1995,benetton,11,15,147.0,33,0,34,97.06,32.35,4.32
1995,williams,5,17,118.0,34,0,34,100.0,14.71,3.47
1995,ferrari,1,11,73.0,34,0,34,100.0,2.94,2.15
1995,mclaren,0,2,30.0,31,0,34,91.18,0.0,0.88
1995,ligier,0,2,24.0,32,0,34,94.12,0.0,0.71
1995,jordan,0,2,21.0,34,0,34,100.0,0.0,0.62
1995,sauber,0,1,18.0,33,0,34,97.06,0.0,0.53
1995,footwork,0,1,5.0,29,0,34,85.29,0.0,0.15
1995,tyrrell,0,0,5.0,31,0,34,91.18,0.0,0.15
1995,minardi,0,0,1.0,30,0,34,88.24,0.0,0.03
1995,forti,0,0,0.0,32,0,34,94.12,0.0,0.0
1995,pacific,0,0,0.0,31,0,34,91.18,0.0,0.0
1995,simtek,0,0,0.0,8,0,10,80.0,0.0,0.0
1994,williams,7,13,118.0,29,0,31,93.55,22.58,3.81
1994,benetton,8,12,103.0,30,0,32,93.75,25.0,3.22
1994,ferrari,1,11,71.0,31,0,32,96.88,3.12,2.22
1994,mclaren,0,8,42.0,29,0,32,90.62,0.0,1.31
1994,jordan,0,1,28.0,26,0,32,81.25,0.0,0.88
1994,ligier,0,2,13.0,32,0,32,100.0,0.0,0.41
1994,tyrrell,0,1,13.0,29,0,32,90.62,0.0,0.41
1994,sauber,0,0,12.0,26,0,31,83.87,0.0,0.39
1994,footwork,0,0,9.0,30,0,32,93.75,0.0,0.28
1994,minardi,0,0,5.0,29,0,32,90.62,0.0,0.16
1994,larrousse,0,0,2.0,30,0,32,93.75,0.0,0.06
1994,pacific,0,0,0.0,7,0,32,21.88,0.0,0.0
1994,simtek,0,0,0.0,27,0,30,90.0,0.0,0.0
1994,team_lotus,0,0,0.0,28,0,32,87.5,0.0,0.0
1993,williams,10,22,168.0,32,0,32,100.0,31.25,5.25
1993,mclaren,5,9,84.0,29,0,32,90.62,15.62,2.62
1993,benetton,1,11,72.0,31,0,32,96.88,3.12,2.25
1993,ferrari,0,3,28.0,31,0,32,96.88,0.0,0.88
1993,ligier,0,3,23.0,30,0,32,93.75,0.0,0.72
1993,sauber,0,0,12.0,30,0,32,93.75,0.0,0.38
1993,team_lotus,0,0,12.0,30,0,32,93.75,0.0,0.38
1993,minardi,0,0,7.0,31,0,32,96.88,0.0,0.22
1993,footwork,0,0,4.0,30,0,32,93.75,0.0,0.12
1993,jordan,0,0,3.0,27,0,32,84.38,0.0,0.09
1993,larrousse,0,0,3.0,30,0,32,93.75,0.0,0.09
1993,lola,0,0,0.0,21,0,28,75.0,0.0,0.0
1993,tyrrell,0,0,0.0,30,0,32,93.75,0.0,0.0
1992,williams,10,21,164.0,32,0,32,100.0,31.25,5.12
1992,mclaren,5,12,99.0,30,0,32,93.75,15.62,3.09
1992,benetton,1,13,91.0,32,0,32,100.0,3.12,2.84
1992,ferrari,0,2,21.0,31,0,32,96.88,0.0,0.66
1992,team_lotus,0,0,13.0,30,0,32,93.75,0.0,0.41
1992,tyrrell,0,0,8.0,31,0,32,96.88,0.0,0.25
1992,footwork,0,0,6.0,29,0,32,90.62,0.0,0.19
1992,ligier,0,0,6.0,29,0,32,90.62,0.0,0.19
1992,march,0,0,3.0,25,0,32,78.12,0.0,0.09
1992,dallara,0,0,2.0,28,0,32,87.5,0.0,0.06
1992,jordan,0,0,1.0,26,0,32,81.25,0.0,0.03
1992,larrousse,0,0,1.0,29,0,32,90.62,0.0,0.03
1992,minardi,0,0,1.0,26,0,32,81.25,0.0,0.03
1992,brabham,0,0,0.0,3,0,21,14.29,0.0,0.0
1992,fondmetal,0,0,0.0,15,0,26,57.69,0.0,0.0
1992,moda,0,0,0.0,1,0,15,6.67,0.0,0.0
1991,mclaren,8,18,139.0,32,0,32,100.0,25.0,4.34
1991,williams,7,17,125.0,31,0,32,96.88,21.88,3.91
1991,ferrari,0,8,55.5,30,0,32,93.75,0.0,1.73
1991,benetton,1,3,38.5,31,0,32,96.88,3.12,1.2
1991,jordan,0,0,13.0,29,0,32,90.62,0.0,0.41
1991,tyrrell,0,1,12.0,32,0,32,100.0,0.0,0.38
1991,minardi,0,0,6.0,32,0,32,100.0,0.0,0.19
1991,dallara,0,1,5.0,29,0,32,90.62,0.0,0.16
1991,brabham,0,0,3.0,28,0,32,87.5,0.0,0.09
1991,team_lotus,0,0,3.0,23,0,32,71.88,0.0,0.09
1991,larrousse,0,0,1.0,3,0,6,50.0,0.0,0.17
1991,leyton,0,0,1.0,32,0,32,100.0,0.0,0.03
1991,lola,0,0,1.0,20,0,26,76.92,0.0,0.04
1991,ags,0,0,0.0,2,0,28,7.14,0.0,0.0
1991,coloni,0,0,0.0,0,0,15,0.0,0.0,0.0
1991,fondmetal,0,0,0.0,6,0,16,37.5,0.0,0.0
1991,footwork,0,0,0.0,12,0,32,37.5,0.0,0.0
1991,lambo,0,0,0.0,5,0,32,15.62,0.0,0.0
1991,ligier,0,0,0.0,28,0,32,87.5,0.0,0.0
1990,mclaren,6,18,121.0,31,0,32,96.88,18.75,3.78
1990,ferrari,6,14,110.0,31,0,32,96.88,18.75,3.44
1990,benetton,2,8,71.0,32,0,32,100.0,6.25,2.22
1990,williams,2,4,57.0,32,0,32,100.0,6.25,1.78
1990,tyrrell,0,2,16.0,28,0,32,87.5,0.0,0.5
1990,larrousse,0,1,11.0,31,0,32,96.88,0.0,0.34
1990,leyton,0,1,7.0,24,0,32,75.0,0.0,0.22
1990,team_lotus,0,0,3.0,30,0,32,93.75,0.0,0.09
1990,arrows,0,0,2.0,25,0,32,78.12,0.0,0.06
1990,brabham,0,0,2.0,24,0,32,75.0,0.0,0.06
1990,ags,0,0,0.0,9,0,32,28.12,0.0,0.0
1990,coloni,0,0,0.0,0,0,16,0.0,0.0,0.0
1990,dallara,0,0,0.0,25,0,32,78.12,0.0,0.0
1990,eurobrun,0,0,0.0,1,0,28,3.57,0.0,0.0
1990,life,0,0,0.0,0,0,14,0.0,0.0,0.0
1990,ligier,0,0,0.0,29,0,32,90.62,0.0,0.0
1990,minardi,0,0,0.0,23,0,32,71.88,0.0,0.0
1990,onyx,0,0,0.0,10,0,20,50.0,0.0,0.0
1990,osella,0,0,0.0,9,0,16,56.25,0.0,0.0
1989,mclaren,10,18,141.0,30,0,32,93.75,31.25,4.41
1989,williams,2,11,77.0,32,0,32,100.0,6.25,2.41
1989,ferrari,3,9,59.0,28,0,30,93.33,10.0,1.97
1989,benetton,1,4,39.0,29,0,32,90.62,3.12,1.22
1989,tyrrell,0,1,16.0,28,0,32,87.5,0.0,0.5
1989,team_lotus,0,0,15.0,27,0,32,84.38,0.0,0.47
1989,arrows,0,1,13.0,30,0,32,93.75,0.0,0.41
1989,brabham,0,1,8.0,28,0,32,87.5,0.0,0.25
1989,dallara,0,1,8.0,28,0,32,87.5,0.0,0.25
1989,minardi,0,0,6.0,24,0,32,75.0,0.0,0.19
1989,onyx,0,1,6.0,15,0,32,46.88,0.0,0.19
1989,march,0,1,4.0,31,0,32,96.88,0.0,0.12
1989,ligier,0,0,3.0,20,0,32,62.5,0.0,0.09
1989,rial,0,0,3.0,4,0,32,12.5,0.0,0.09
1989,ags,0,0,1.0,6,0,31,19.35,0.0,0.03
1989,larrousse,0,0,1.0,21,0,32,65.62,0.0,0.03
1989,coloni,0,0,0.0,5,0,32,15.62,0.0,0.0
1989,eurobrun,0,0,0.0,0,0,16,0.0,0.0,0.0
1989,osella,0,0,0.0,10,0,32,31.25,0.0,0.0
1989,zakspeed,0,0,0.0,2,0,31,6.45,0.0,0.0
1988,mclaren,15,25,199.0,32,0,32,100.0,46.88,6.22
1988,ferrari,1,8,65.0,31,0,32,96.88,3.12,2.03
1988,benetton,0,7,39.0,32,0,32,100.0,0.0,1.22
1988,arrows,0,1,23.0,32,0,32,100.0,0.0,0.72
1988,team_lotus,0,3,23.0,30,0,32,93.75,0.0,0.72
1988,march,0,2,22.0,30,0,32,93.75,0.0,0.69
1988,williams,0,2,20.0,32,0,32,100.0,0.0,0.62
1988,tyrrell,0,0,5.0,19,0,32,59.38,0.0,0.16
1988,rial,0,0,3.0,16,0,16,100.0,0.0,0.19
1988,minardi,0,0,1.0,24,0,32,75.0,0.0,0.03
1988,ags,0,0,0.0,15,0,16,93.75,0.0,0.0
1988,coloni,0,0,0.0,8,0,16,50.0,0.0,0.0
1988,dallara,0,0,0.0,13,0,16,81.25,0.0,0.0
1988,eurobrun,0,0,0.0,17,0,32,53.12,0.0,0.0
1988,larrousse,0,0,0.0,29,0,32,90.62,0.0,0.0
1988,ligier,0,0,0.0,23,0,32,71.88,0.0,0.0
1988,osella,0,0,0.0,10,0,16,62.5,0.0,0.0
1988,zakspeed,0,0,0.0,14,0,31,45.16,0.0,0.0
1987,williams,9,18,137.0,30,0,32,93.75,28.12,4.28
1987,mclaren,3,12,76.0,31,0,32,96.88,9.38,2.38
1987,team_lotus,2,8,64.0,31,0,32,96.88,6.25,2.0
1987,ferrari,2,6,53.0,32,0,32,100.0,6.25,1.66
1987,benetton,0,2,28.0,32,0,32,100.0,0.0,0.88
1987,arrows,0,0,11.0,31,0,32,96.88,0.0,0.34
1987,tyrrell,0,0,11.0,30,0,32,93.75,0.0,0.34
1987,brabham,0,2,10.0,32,0,32,100.0,0.0,0.31
1987,larrousse,0,0,3.0,17,0,18,94.44,0.0,0.17
1987,zakspeed,0,0,2.0,30,0,32,93.75,0.0,0.06
1987,ags,0,0,1.0,13,0,14,92.86,0.0,0.07
1987,ligier,0,0,1.0,28,0,30,93.33,0.0,0.03
1987,march,0,0,1.0,15,0,16,93.75,0.0,0.06
1987,coloni,0,0,0.0,1,0,2,50.0,0.0,0.0
1987,minardi,0,0,0.0,29,0,32,90.62,0.0,0.0
1987,osella,0,0,0.0,16,0,19,84.21,0.0,0.0
1986,williams,9,19,141.0,31,0,32,96.88,28.12,4.41
1986,mclaren,4,12,96.0,32,0,32,100.0,12.5,3.0
1986,team_lotus,2,8,58.0,30,0,32,93.75,6.25,1.81
1986,ferrari,0,5,37.0,31,0,32,96.88,0.0,1.16
1986,ligier,0,2,29.0,31,0,32,96.88,0.0,0.91
1986,benetton,1,2,19.0,31,0,32,96.88,3.12,0.59
1986,tyrrell,0,0,11.0,32,0,32,100.0,0.0,0.34
1986,lola,0,0,6.0,28,0,32,87.5,0.0,0.19
1986,brabham,0,0,2.0,30,0,31,96.77,0.0,0.06
1986,arrows,0,0,1.0,30,0,31,96.77,0.0,0.03
1986,ags,0,0,0.0,2,0,2,100.0,0.0,0.0
1986,minardi,0,0,0.0,28,0,31,90.32,0.0,0.0
1986,osella,0,0,0.0,28,0,32,87.5,0.0,0.0
1986,zakspeed,0,0,0.0,26,0,29,89.66,0.0,0.0
1985,mclaren,6,12,90.0,31,0,31,100.0,19.35,2.9
1985,ferrari,2,10,82.0,32,0,32,100.0,6.25,2.56
1985,team_lotus,3,9,71.0,32,0,32,100.0,9.38,2.22
1985,williams,4,8,71.0,31,0,32,96.88,12.5,2.22
1985,brabham,1,2,26.0,30,0,32,93.75,3.12,0.81
1985,ligier,0,4,23.0,29,0,30,96.67,0.0,0.77
1985,renault,0,2,16.0,29,0,31,93.55,0.0,0.52
1985,arrows,0,1,14.0,31,0,32,96.88,0.0,0.44
1985,tyrrell,0,0,7.0,28,0,30,93.33,0.0,0.23
1985,alfa,0,0,0.0,30,0,32,93.75,0.0,0.0
1985,lola,0,0,0.0,3,0,4,75.0,0.0,0.0
1985,minardi,0,0,0.0,14,0,15,93.33,0.0,0.0
1985,osella,0,0,0.0,12,0,15,80.0,0.0,0.0
1985,ram,0,0,0.0,22,0,25,88.0,0.0,0.0
1985,spirit,0,0,0.0,3,0,3,100.0,0.0,0.0
1985,toleman,0,0,0.0,18,0,20,90.0,0.0,0.0
1985,zakspeed,0,0,0.0,9,0,10,90.0,0.0,0.0
1984,mclaren,12,18,143.5,32,0,32,100.0,37.5,4.48
1984,ferrari,1,8,57.5,32,0,32,100.0,3.12,1.8
1984,team_lotus,0,6,47.0,32,0,32,100.0,0.0,1.47
1984,brabham,2,5,38.0,32,0,32,100.0,6.25,1.19
1984,renault,0,5,34.0,29,0,32,90.62,0.0,1.06
1984,williams,1,2,25.5,31,0,32,96.88,3.12,0.8
1984,toleman,0,3,16.0,25,0,29,86.21,0.0,0.55
1984,alfa,0,1,11.0,30,0,32,93.75,0.0,0.34
1984,arrows,0,0,6.0,28,0,32,87.5,0.0,0.19
1984,ligier,0,0,3.0,28,0,31,90.32,0.0,0.1
1984,osella,0,0,2.0,20,0,24,83.33,0.0,0.08
1984,ats,0,0,0.0,13,0,17,76.47,0.0,0.0
1984,ram,0,0,0.0,27,0,31,87.1,0.0,0.0
1984,spirit,0,0,0.0,14,0,16,87.5,0.0,0.0
1984,tyrrell,0,0,0.0,21,0,26,80.77,0.0,0.0
1983,ferrari,4,12,89.0,29,0,30,96.67,13.33,2.97
1983,renault,4,11,79.0,30,0,30,100.0,13.33,2.63
1983,brabham,4,10,72.0,29,0,30,96.67,13.33,2.4
1983,williams,1,3,38.0,29,0,31,93.55,3.23,1.23
1983,mclaren,1,5,34.0,28,0,30,93.33,3.33,1.13
1983,alfa,0,2,18.0,29,0,30,96.67,0.0,0.6
1983,team_lotus,0,1,12.0,28,0,30,93.33,0.0,0.4
1983,tyrrell,1,1,12.0,28,0,30,93.33,3.33,0.4
1983,toleman,0,0,10.0,29,0,30,96.67,0.0,0.33
1983,arrows,0,0,4.0,29,0,30,96.67,0.0,0.13
1983,theodore,0,0,1.0,21,0,27,77.78,0.0,0.04
1983,ats,0,0,0.0,14,0,15,93.33,0.0,0.0
1983,ligier,0,0,0.0,26,0,30,86.67,0.0,0.0
1983,osella,0,0,0.0,16,0,30,53.33,0.0,0.0
1983,ram,0,0,0.0,3,0,15,20.0,0.0,0.0
1983,spirit,0,0,0.0,6,0,6,100.0,0.0,0.0
1982,ferrari,3,11,74.0,22,0,27,81.48,11.11,2.74
1982,mclaren,4,8,69.0,29,0,29,100.0,13.79,2.38
1982,renault,4,8,62.0,31,0,32,96.88,12.5,1.94
1982,williams,1,7,58.0,28,0,30,93.33,3.33,1.93
1982,brabham,2,5,41.0,28,0,30,93.33,6.67,1.37
1982,team_lotus,1,2,30.0,28,0,30,93.33,3.33,1.0
1982,tyrrell,1,2,25.0,30,0,32,93.75,3.12,0.78
1982,ligier,0,4,20.0,29,0,30,96.67,0.0,0.67
1982,alfa,0,1,7.0,29,0,32,90.62,0.0,0.22
1982,arrows,0,0,5.0,23,0,30,76.67,0.0,0.17
1982,ats,0,0,4.0,24,0,32,75.0,0.0,0.12
1982,osella,0,0,3.0,11,0,24,45.83,0.0,0.12
1982,fittipaldi,0,0,1.0,9,0,14,64.29,0.0,0.07
1982,ensign,0,0,0.0,8,0,15,53.33,0.0,0.0
1982,march,0,0,0.0,21,0,35,60.0,0.0,0.0
1982,theodore,0,0,0.0,6,0,15,40.0,0.0,0.0
1982,toleman,0,0,0.0,14,0,28,50.0,0.0,0.0
1981,williams,4,13,95.0,30,0,30,100.0,13.33,3.17
1981,brabham,3,7,61.0,29,0,30,96.67,10.0,2.03
1981,renault,3,7,54.0,26,0,30,86.67,10.0,1.8
1981,ligier,2,7,44.0,28,0,30,93.33,6.67,1.47
1981,ferrari,2,3,34.0,29,0,30,96.67,6.67,1.13
1981,mclaren,1,4,28.0,27,0,30,90.0,3.33,0.93
1981,team_lotus,0,1,22.0,27,0,30,90.0,0.0,0.73
1981,alfa,0,1,10.0,28,0,30,93.33,0.0,0.33
1981,arrows,0,2,10.0,22,0,30,73.33,0.0,0.33
1981,tyrrell,0,0,10.0,26,0,30,86.67,0.0,0.33
1981,ensign,0,0,5.0,14,0,16,87.5,0.0,0.31
1981,ats,0,0,1.0,9,0,16,56.25,0.0,0.06
1981,theodore,0,0,1.0,12,0,15,80.0,0.0,0.07
1981,fittipaldi,0,0,0.0,13,0,28,46.43,0.0,0.0
1981,march,0,0,0.0,9,0,20,45.0,0.0,0.0
1981,osella,0,0,0.0,10,0,30,33.33,0.0,0.0
1981,toleman,0,0,0.0,2,0,24,8.33,0.0,0.0
1980,williams,6,18,120.0,32,0,38,84.21,15.79,3.16
1980,ligier,2,10,66.0,28,0,28,100.0,7.14,2.36
1980,brabham,3,6,55.0,25,0,28,89.29,10.71,1.96
1980,renault,3,4,38.0,26,0,27,96.3,11.11,1.41
1980,team_lotus,0,1,14.0,29,0,31,93.55,0.0,0.45
1980,tyrrell,0,0,12.0,25,0,30,83.33,0.0,0.4
1980,arrows,0,1,11.0,25,0,29,86.21,0.0,0.38
1980,fittipaldi,0,2,11.0,25,0,28,89.29,0.0,0.39
1980,mclaren,0,0,11.0,23,0,28,82.14,0.0,0.39
1980,ferrari,0,0,8.0,27,0,28,96.43,0.0,0.29
1980,alfa,0,0,4.0,25,0,26,96.15,0.0,0.15
1980,ats,0,0,0.0,11,0,18,61.11,0.0,0.0
1980,ensign,0,0,0.0,9,0,16,56.25,0.0,0.0
1980,osella,0,0,0.0,10,0,14,71.43,0.0,0.0
1980,shadow,0,0,0.0,1,0,14,7.14,0.0,0.0
1979,ferrari,6,13,113.0,29,0,30,96.67,20.0,3.77
1979,williams,5,10,75.0,29,0,30,96.67,16.67,2.5
1979,ligier,3,8,61.0,30,0,30,100.0,10.0,2.03
1979,team_lotus,0,5,39.0,38,0,41,92.68,0.0,0.95
1979,tyrrell,0,4,28.0,30,0,32,93.75,0.0,0.88
1979,renault,1,4,26.0,28,0,30,93.33,3.33,0.87
1979,mclaren,0,1,15.0,26,0,30,86.67,0.0,0.5
1979,brabham-alfa_romeo,0,0,7.0,24,0,26,92.31,0.0,0.27
1979,arrows,0,0,5.0,27,0,30,90.0,0.0,0.17
1979,shadow,0,0,3.0,26,0,30,86.67,0.0,0.1
1979,ats,0,0,2.0,11,0,15,73.33,0.0,0.13
1979,fittipaldi,0,0,1.0,15,0,17,88.24,0.0,0.06
1979,alfa,0,0,0.0,5,0,7,71.43,0.0,0.0
1979,brabham-ford,0,0,0.0,4,0,5,80.0,0.0,0.0
1979,ensign,0,0,0.0,6,0,15,40.0,0.0,0.0
1979,kauhsen,0,0,0.0,0,0,2,0.0,0.0,0.0
1979,merzario,0,0,0.0,1,0,15,6.67,0.0,0.0
1979,rebaque,0,0,0.0,1,0,3,33.33,0.0,0.0
1979,wolf,0,0,0.0,13,0,15,86.67,0.0,0.0
1978,team_lotus,8,14,116.0,38,0,48,79.17,16.67,2.42
1978,brabham,2,10,69.0,32,0,33,96.97,6.06,2.09
1978,ferrari,5,9,65.0,32,0,32,100.0,15.62,2.03
1978,tyrrell,1,5,41.0,29,0,32,90.62,3.12,1.28
1978,wolf,0,4,24.0,21,0,22,95.45,0.0,1.09
1978,ligier,0,2,19.0,16,0,16,100.0,0.0,1.19
1978,fittipaldi,0,1,17.0,14,0,16,87.5,0.0,1.06
1978,mclaren,0,1,16.0,46,0,55,83.64,0.0,0.29
1978,arrows,0,1,11.0,22,0,28,78.57,0.0,0.39
1978,williams,0,1,11.0,16,0,16,100.0,0.0,0.69
1978,shadow,0,0,6.0,24,0,34,70.59,0.0,0.18
1978,renault,0,0,3.0,14,0,14,100.0,0.0,0.21
1978,ensign,0,0,1.0,16,0,24,66.67,0.0,0.04
1978,surtees,0,0,1.0,18,0,31,58.06,0.0,0.03
1978,ats,0,0,0.0,19,0,32,59.38,0.0,0.0
1978,hesketh,0,0,0.0,1,0,6,16.67,0.0,0.0
1978,martini,0,0,0.0,5,0,8,62.5,0.0,0.0
1978,merzario,0,0,0.0,8,0,17,47.06,0.0,0.0
1978,theodore,0,0,0.0,1,0,7,14.29,0.0,0.0
1977,ferrari,4,16,114.0,33,0,34,97.06,11.76,3.35
1977,team_lotus,5,7,67.0,32,0,34,94.12,14.71,1.97
1977,mclaren,3,7,65.0,45,0,52,86.54,5.77,1.25
1977,wolf,3,9,55.0,17,0,17,100.0,17.65,3.24
1977,brabham,0,4,27.0,33,0,35,94.29,0.0,0.77
1977,tyrrell,0,4,27.0,35,0,35,100.0,0.0,0.77
1977,shadow,1,2,24.0,33,0,34,97.06,2.94,0.71
1977,ligier,1,2,18.0,18,0,18,100.0,5.56,1.0
1977,fittipaldi,0,0,11.0,16,0,18,88.89,0.0,0.61
1977,ensign,0,0,10.0,20,0,25,80.0,0.0,0.4
1977,surtees,0,0,6.0,29,0,36,80.56,0.0,0.17
1977,penske,0,0,1.0,15,0,17,88.24,0.0,0.06
1977,apollon,0,0,0.0,0,0,1,0.0,0.0,0.0
1977,boro,0,0,0.0,1,0,2,50.0,0.0,0.0
1977,brm,0,0,0.0,2,0,10,20.0,0.0,0.0
1977,hesketh,0,0,0.0,16,0,28,57.14,0.0,0.0
1977,kojima,0,0,0.0,2,0,2,100.0,0.0,0.0
1977,lec,0,0,0.0,3,0,5,60.0,0.0,0.0
1977,march,0,0,0.0,41,0,68,60.29,0.0,0.0
1977,mcguire,0,0,0.0,0,0,1,0.0,0.0,0.0
1977,renault,0,0,0.0,4,0,5,80.0,0.0,0.0
1976,ferrari,6,13,99.0,29,0,30,96.67,20.0,3.3
1976,mclaren,6,10,88.0,32,0,32,100.0,18.75,2.75
1976,tyrrell,1,12,88.0,35,0,41,85.37,2.44,2.15
1976,team_lotus,1,5,32.0,29,0,31,93.55,3.23,1.03
1976,ligier,0,3,20.0,15,0,16,93.75,0.0,1.25
1976,penske,1,3,20.0,16,0,17,94.12,5.88,1.18
1976,march,1,1,19.0,48,0,55,87.27,1.82,0.35
1976,brabham-alfa_romeo,0,0,11.0,29,0,33,87.88,0.0,0.33
1976,shadow,0,1,10.0,32,0,33,96.97,0.0,0.3
1976,surtees,0,0,7.0,32,0,38,84.21,0.0,0.18
1976,fittipaldi,0,0,3.0,16,0,20,80.0,0.0,0.15
1976,ensign,0,0,2.0,13,0,14,92.86,0.0,0.14
1976,parnelli,0,0,1.0,2,0,2,100.0,0.0,0.5
1976,boro,0,0,0.0,5,0,6,83.33,0.0,0.0
1976,brabham-ford,0,0,0.0,6,0,13,46.15,0.0,0.0
1976,brm,0,0,0.0,1,0,1,100.0,0.0,0.0
1976,hesketh,0,0,0.0,15,0,23,65.22,0.0,0.0
1976,kojima,0,0,0.0,1,0,1,100.0,0.0,0.0
1976,maki,0,0,0.0,0,0,1,0.0,0.0,0.0
1976,williams,0,0,0.0,1,0,2,50.0,0.0,0.0
1976,wolf,0,0,0.0,18,0,25,72.0,0.0,0.0
1975,ferrari,6,11,89.5,26,0,28,92.86,21.43,3.2
1975,mclaren,3,10,65.0,26,0,29,89.66,10.34,2.24
1975,brabham,2,9,61.0,28,0,28,100.0,7.14,2.18
1975,hesketh,1,4,33.0,25,0,26,96.15,3.85,1.27
1975,tyrrell,1,4,32.0,31,0,31,100.0,3.23,1.03
1975,shadow-ford,0,1,9.5,24,0,26,92.31,0.0,0.37
1975,march,1,1,9.0,30,0,33,90.91,3.03,0.27
1975,team_lotus,0,1,9.0,30,0,31,96.77,0.0,0.29
1975,williams,0,1,6.0,21,0,27,77.78,0.0,0.22
1975,parnelli,0,0,5.0,12,0,12,100.0,0.0,0.42
1975,hill,0,0,3.0,18,0,19,94.74,0.0,0.16
1975,penske,0,0,2.0,10,0,10,100.0,0.0,0.2
1975,ensign,0,0,1.0,8,0,11,72.73,0.0,0.09
1975,brm,0,0,0.0,9,0,11,81.82,0.0,0.0
1975,fittipaldi,0,0,0.0,11,0,14,78.57,0.0,0.0
1975,lola,0,0,0.0,6,0,7,85.71,0.0,0.0
1975,lyncar,0,0,0.0,1,0,1,100.0,0.0,0.0
1975,maki,0,0,0.0,0,0,5,0.0,0.0,0.0
1975,shadow-matra,0,0,0.0,2,0,2,100.0,0.0,0.0
1975,surtees,0,0,0.0,12,0,12,100.0,0.0,0.0
1974,ferrari,3,12,90.0,29,0,30,96.67,10.0,3.0
1974,mclaren,4,10,87.0,44,0,46,95.65,8.7,1.89
1974,tyrrell,2,7,59.0,31,0,31,100.0,6.45,1.9
1974,team_lotus,3,6,47.0,33,0,33,100.0,9.09,1.42
1974,brabham,3,5,46.0,46,0,55,83.64,5.45,0.84
1974,hesketh,0,3,15.0,12,0,14,85.71,0.0,1.07
1974,brm,0,1,10.0,35,0,40,87.5,0.0,0.25
1974,shadow,0,1,7.0,25,0,28,89.29,0.0,0.25
1974,march,0,0,6.0,26,0,32,81.25,0.0,0.19
1974,iso_marlboro,0,0,4.0,20,0,27,74.07,0.0,0.15
1974,surtees,0,0,3.0,22,0,36,61.11,0.0,0.08
1974,lola,0,0,1.0,26,0,29,89.66,0.0,0.03
1974,amon,0,0,0.0,1,0,5,20.0,0.0,0.0
1974,ensign,0,0,0.0,6,0,11,54.55,0.0,0.0
1974,lyncar,0,0,0.0,0,0,1,0.0,0.0,0.0
1974,maki,0,0,0.0,0,0,2,0.0,0.0,0.0
1974,parnelli,0,0,0.0,2,0,2,100.0,0.0,0.0
1974,penske,0,0,0.0,2,0,2,100.0,0.0,0.0
1974,token,0,0,0.0,3,0,4,75.0,0.0,0.0
1974,trojan,0,0,0.0,5,0,8,62.5,0.0,0.0
1973,tyrrell,5,15,118.0,30,0,33,90.91,15.15,3.58
1973,team_lotus,7,15,107.0,30,0,31,96.77,22.58,3.45
1973,mclaren,3,8,68.0,33,0,35,94.29,8.57,1.94
1973,brabham,0,2,22.0,39,0,41,95.12,0.0,0.54
1973,ferrari,0,0,14.0,19,0,19,100.0,0.0,0.74
1973,march,0,2,14.0,37,0,42,88.1,0.0,0.33
1973,brm,0,0,13.0,43,0,44,97.73,0.0,0.3
1973,shadow,0,2,9.0,35,0,38,92.11,0.0,0.24
1973,surtees,0,1,7.0,32,0,35,91.43,0.0,0.2
1973,iso_marlboro,0,0,2.0,26,0,28,92.86,0.0,0.07
1973,tecno,0,0,1.0,4,0,4,100.0,0.0,0.25
1973,ensign,0,0,0.0,5,0,7,71.43,0.0,0.0
1972,mclaren,1,11,66.0,25,0,25,100.0,4.0,2.64
1972,team_lotus,5,8,61.0,27,0,28,96.43,17.86,2.18
1972,tyrrell,4,7,60.0,24,0,25,96.0,16.0,2.4
1972,ferrari,1,6,47.0,30,0,30,100.0,3.33,1.57
1972,surtees,0,1,18.0,37,0,37,100.0,0.0,0.49
1972,march,0,1,15.0,62,0,64,96.88,0.0,0.23
1972,brm,1,1,14.0,47,0,47,100.0,2.13,0.3
1972,matra,0,1,12.0,11,0,12,91.67,0.0,1.0
1972,brabham,0,0,7.0,32,0,32,100.0,0.0,0.22
1972,connew,0,0,0.0,1,0,1,100.0,0.0,0.0
1972,politoys,0,0,0.0,1,0,1,100.0,0.0,0.0
1972,tecno,0,0,0.0,6,0,7,85.71,0.0,0.0
1971,tyrrell,7,11,88.0,23,0,23,100.0,30.43,3.83
1971,ferrari,2,7,44.0,27,0,28,96.43,7.14,1.57
1971,brm,2,4,42.0,36,0,38,94.74,5.26,1.11
1971,march-ford,0,5,37.0,41,0,43,95.35,0.0,0.86
1971,lotus-ford,0,3,25.0,21,0,21,100.0,0.0,1.19
1971,mclaren,0,1,13.0,24,0,27,88.89,0.0,0.48
1971,matra,0,1,10.0,17,0,17,100.0,0.0,0.59
1971,surtees,0,0,9.0,26,0,27,96.3,0.0,0.33
1971,brabham,0,1,7.0,23,0,25,92.0,0.0,0.28
1971,bellasi,0,0,0.0,1,0,1,100.0,0.0,0.0
1971,lotus-pw,0,0,0.0,3,0,3,100.0,0.0,0.0
1971,march-alfa_romeo,0,0,0.0,10,0,10,100.0,0.0,0.0
1970,ferrari,4,9,76.0,24,0,25,96.0,16.0,3.04
1970,team_lotus,6,7,70.0,37,0,48,77.08,12.5,1.46
1970,march,1,8,55.0,59,0,63,93.65,1.59,0.87
1970,mclaren-ford,0,5,36.0,29,0,30,96.67,0.0,1.2
1970,brabham,1,5,35.0,26,0,28,92.86,3.57,1.25
1970,brm,1,2,25.0,33,0,37,89.19,2.7,0.68
1970,matra,0,3,24.0,26,0,26,100.0,0.0,0.92
1970,surtees,0,0,3.0,7,0,8,87.5,0.0,0.38
1970,bellasi,0,0,0.0,1,0,5,20.0,0.0,0.0
1970,mclaren-alfa_romeo,0,0,0.0,4,0,11,36.36,0.0,0.0
1970,tomaso,0,0,0.0,8,0,10,80.0,0.0,0.0
1970,tyrrell,0,0,0.0,3,0,3,100.0,0.0,0.0
1969,matra-ford,6,10,85.0,24,0,24,100.0,25.0,3.54
1969,brabham-ford,2,9,68.0,35,0,36,97.22,5.56,1.89
1969,lotus-ford,2,7,59.0,45,0,46,97.83,4.35,1.28
1969,mclaren-ford,1,5,49.0,26,0,29,89.66,3.45,1.69
1969,brm,0,1,7.0,23,0,25,92.0,0.0,0.28
1969,ferrari,0,1,7.0,11,0,11,100.0,0.0,0.64
1969,brabham-climax,0,0,0.0,1,0,1,100.0,0.0,0.0
1969,brabham-repco,0,0,0.0,2,0,2,100.0,0.0,0.0
1969,brm-ford,0,0,0.0,1,0,1,100.0,0.0,0.0
1969,cooper-maserati,0,0,0.0,1,0,1,100.0,0.0,0.0
1969,eagle-climax,0,0,0.0,1,0,1,100.0,0.0,0.0
1968,lotus-ford,5,9,75.0,34,0,36,94.44,13.89,2.08
1968,mclaren-ford,3,6,56.0,22,0,23,95.65,13.04,2.43
1968,matra-ford,3,5,45.0,16,0,16,100.0,18.75,2.81
1968,ferrari,1,5,37.0,23,0,24,95.83,4.17,1.54
1968,brm,0,4,28.0,31,0,32,96.88,0.0,0.88
1968,cooper-brm,0,2,20.0,20,0,21,95.24,0.0,0.95
1968,honda,0,2,14.0,15,0,15,100.0,0.0,0.93
1968,brabham-repco,0,2,12.0,28,0,32,87.5,0.0,0.38
1968,matra,0,1,8.0,12,0,12,100.0,0.0,0.67
1968,mclaren-brm,0,0,3.0,6,0,8,75.0,0.0,0.38
1968,brabham-climax,0,0,0.0,1,0,1,100.0,0.0,0.0
1968,cooper-climax,0,0,0.0,1,0,1,100.0,0.0,0.0
1968,cooper-maserati,0,0,0.0,3,0,3,100.0,0.0,0.0
1968,eagle-weslake,0,0,0.0,5,0,5,100.0,0.0,0.0
1968,lds,0,0,0.0,1,0,1,100.0,0.0,0.0
1968,lola,0,0,0.0,1,0,1,100.0,0.0,0.0
1968,mclaren,0,0,0.0,2,0,2,100.0,0.0,0.0
1967,brabham-repco,4,14,100.0,26,0,27,96.3,14.81,3.7
1967,lotus-ford,4,6,50.0,22,0,22,100.0,18.18,2.27
1967,cooper-maserati,1,1,31.0,41,0,42,97.62,2.38,0.74
1967,ferrari,0,4,23.0,15,0,16,93.75,0.0,1.44
1967,brm,0,2,21.0,33,0,34,97.06,0.0,0.62
1967,honda,1,2,20.0,9,0,9,100.0,11.11,2.22
1967,eagle-weslake,1,2,13.0,13,0,13,100.0,7.69,1.0
1967,cooper-climax,0,1,6.0,1,0,2,50.0,0.0,3.0
1967,lotus-brm,0,1,6.0,7,0,8,87.5,0.0,0.75
1967,mclaren-brm,0,0,3.0,6,0,6,100.0,0.0,0.5
1967,brabham-climax,0,0,2.0,7,0,8,87.5,0.0,0.25
1967,brabham-ford,0,0,0.0,1,0,1,100.0,0.0,0.0
1967,cooper-ats,0,0,0.0,1,0,1,100.0,0.0,0.0
1967,eagle-climax,0,0,0.0,3,0,4,75.0,0.0,0.0
1967,lds-climax,0,0,0.0,1,0,1,100.0,0.0,0.0
1967,lola,0,0,0.0,2,0,2,100.0,0.0,0.0
1967,lotus-climax,0,0,0.0,1,0,1,100.0,0.0,0.0
1967,matra,0,0,0.0,3,0,4,75.0,0.0,0.0
1967,mclaren-ford,0,0,0.0,2,0,2,100.0,0.0,0.0
1967,protos,0,0,0.0,2,0,2,100.0,0.0,0.0
1966,brabham-repco,4,9,63.0,16,0,16,100.0,25.0,3.94
1966,cooper-maserati,1,6,49.0,37,0,40,92.5,2.5,1.23
1966,ferrari,2,6,42.0,16,0,16,100.0,12.5,2.62
1966,brm,1,4,34.0,20,0,25,80.0,4.0,1.36
1966,lotus-brm,1,1,13.0,18,0,20,90.0,5.0,0.65
1966,lotus-climax,0,1,8.0,7,0,8,87.5,0.0,1.0
1966,eagle-climax,0,0,4.0,7,0,8,87.5,0.0,0.5
1966,honda,0,0,3.0,5,0,5,100.0,0.0,0.6
1966,mclaren-ford,0,0,2.0,3,0,3,100.0,0.0,0.67
1966,brabham-brm,0,0,1.0,4,0,6,66.67,0.0,0.17
1966,brabham-climax,0,0,1.0,10,0,11,90.91,0.0,0.09
1966,mclaren-seren,0,0,1.0,1,0,2,50.0,0.0,0.5
1966,cooper-ferrari,0,0,0.0,2,0,2,100.0,0.0,0.0
1966,eagle-weslake,0,0,0.0,3,0,3,100.0,0.0,0.0
1966,shannon,0,0,0.0,0,0,1,0.0,0.0,0.0
1965,brm,3,11,81.0,27,0,28,96.43,10.71,2.89
1965,lotus-climax,6,7,64.0,24,0,28,85.71,21.43,2.29
1965,brabham-climax,0,6,39.0,37,0,39,94.87,0.0,1.0
1965,ferrari,0,4,32.0,22,0,23,95.65,0.0,1.39
1965,cooper-climax,0,1,14.0,21,0,23,91.3,0.0,0.61
1965,honda,1,1,13.0,13,0,14,92.86,7.14,0.93
1965,brabham-brm,0,0,5.0,17,0,18,94.44,0.0,0.28
1965,lotus-brm,0,0,2.0,19,0,20,95.0,0.0,0.1
1965,alfa,0,0,0.0,1,0,1,100.0,0.0,0.0
1965,brabham-ford,0,0,0.0,2,0,2,100.0,0.0,0.0
1965,cooper-ford,0,0,0.0,0,0,2,0.0,0.0,0.0
1965,cooper-maserati,0,0,0.0,0,0,1,0.0,0.0,0.0
1965,lds-alfa_romeo,0,0,0.0,1,0,2,50.0,0.0,0.0
1965,lds-climax,0,0,0.0,0,0,1,0.0,0.0,0.0
1965,lotus-ford,0,0,0.0,0,0,2,0.0,0.0,0.0
1965,re,0,0,0.0,0,0,1,0.0,0.0,0.0
1964,brm,2,7,70.0,32,0,38,84.21,5.26,1.84
1964,ferrari,3,10,64.0,22,0,22,100.0,13.64,2.91
1964,lotus-climax,3,5,49.0,26,0,26,100.0,11.54,1.88
1964,brabham-climax,2,5,36.0,33,0,33,100.0,6.06,1.09
1964,cooper-climax,0,2,16.0,22,0,23,95.65,0.0,0.7
1964,brabham-brm,0,1,7.0,14,0,17,82.35,0.0,0.41
1964,brp,0,0,5.0,13,0,14,92.86,0.0,0.36
1964,lotus-brm,0,0,3.0,20,0,25,80.0,0.0,0.12
1964,brabham-ford,0,0,0.0,0,0,1,0.0,0.0,0.0
1964,derrington,0,0,0.0,1,0,1,100.0,0.0,0.0
1964,honda,0,0,0.0,3,0,3,100.0,0.0,0.0
1964,porsche,0,0,0.0,1,0,1,100.0,0.0,0.0
1964,scirocco,0,0,0.0,1,0,3,33.33,0.0,0.0
1963,lotus-climax,7,9,74.0,27,0,36,75.0,19.44,2.06
1963,brm,2,10,65.0,24,0,27,88.89,7.41,2.41
1963,brabham,0,4,33.0,20,0,20,100.0,0.0,1.65
1963,cooper-climax,0,4,32.0,32,0,34,94.12,0.0,0.94
1963,ferrari,1,3,27.0,18,0,20,90.0,5.0,1.35
1963,brp,0,0,6.0,5,0,5,100.0,0.0,1.2
1963,porsche,0,0,5.0,9,0,13,69.23,0.0,0.38
1963,lotus-brm,0,0,4.0,28,0,34,82.35,0.0,0.12
1963,alfa,0,0,0.0,1,0,1,100.0,0.0,0.0
1963,ats,0,0,0.0,9,0,17,52.94,0.0,0.0
1963,cooper-maserati,0,0,0.0,1,0,2,50.0,0.0,0.0
1963,de_tomaso-ferrari,0,0,0.0,0,0,1,0.0,0.0,0.0
1963,gilby,0,0,0.0,1,0,3,33.33,0.0,0.0
1963,lds,0,0,0.0,2,0,2,100.0,0.0,0.0
1963,lola,0,0,0.0,13,0,16,81.25,0.0,0.0
1963,lotus-borgward,0,0,0.0,0,0,1,0.0,0.0,0.0
1963,lotus-ford,0,0,0.0,1,0,1,100.0,0.0,0.0
1963,lotus-maserati,0,0,0.0,0,0,1,0.0,0.0,0.0
1963,scirocco,0,0,0.0,6,0,14,42.86,0.0,0.0
1963,stebro,0,0,0.0,1,0,2,50.0,0.0,0.0
1963,team_lotus,0,0,0.0,0,0,1,0.0,0.0,0.0
1963,tomaso,0,0,0.0,0,0,3,0.0,0.0,0.0
1962,brm,4,8,62.0,18,0,26,69.23,15.38,2.38
1962,cooper-climax,1,7,45.0,27,0,29,93.1,3.45,1.55
1962,lotus-climax,3,4,42.0,48,0,65,73.85,4.62,0.65
1962,ferrari,0,4,30.0,20,0,21,95.24,0.0,1.43
1962,porsche,1,2,20.0,24,0,30,80.0,3.33,0.67
1962,lola,0,2,19.0,16,0,18,88.89,0.0,1.06
1962,brabham,0,0,6.0,3,0,3,100.0,0.0,2.0
1962,lotus-brm,0,0,1.0,7,0,14,50.0,0.0,0.07
1962,cooper,0,0,0.0,1,0,1,100.0,0.0,0.0
1962,cooper-alfa_romeo,0,0,0.0,1,0,1,100.0,0.0,0.0
1962,de_tomaso-alfa_romeo,0,0,0.0,0,0,1,0.0,0.0,0.0
1962,de_tomaso-osca,0,0,0.0,0,0,1,0.0,0.0,0.0
1962,emeryson,0,0,0.0,3,0,5,60.0,0.0,0.0
1962,enb,0,0,0.0,1,0,1,100.0,0.0,0.0
1962,gilby,0,0,0.0,1,0,3,33.33,0.0,0.0
1962,lds,0,0,0.0,1,0,1,100.0,0.0,0.0
1962,lotus-borgward,0,0,0.0,0,0,1,0.0,0.0,0.0
1962,team_lotus,0,0,0.0,0,0,1,0.0,0.0,0.0
1962,tomaso,0,0,0.0,0,0,1,0.0,0.0,0.0
1961,ferrari,5,14,99.0,27,0,27,100.0,18.52,3.67
1961,lotus-climax,3,5,44.0,54,0,69,78.26,4.35,0.64
1961,cooper-climax,0,1,24.0,42,0,52,80.77,0.0,0.46
1961,porsche,0,3,24.0,25,0,28,89.29,0.0,0.86
1961,brm,0,1,9.0,16,0,16,100.0,0.0,0.56
1961,cooper-maserati,0,0,0.0,10,0,12,83.33,0.0,0.0
1961,de_tomaso-alfa_romeo,0,0,0.0,2,0,2,100.0,0.0,0.0
1961,de_tomaso-osca,0,0,0.0,2,0,2,100.0,0.0,0.0
1961,emeryson,0,0,0.0,0,0,5,0.0,0.0,0.0
1961,ferguson,0,0,0.0,2,0,2,100.0,0.0,0.0
1961,gilby,0,0,0.0,1,0,1,100.0,0.0,0.0
1961,jbw,0,0,0.0,1,0,2,50.0,0.0,0.0
1961,lotus-maserati,0,0,0.0,1,0,1,100.0,0.0,0.0
1961,mbm,0,0,0.0,0,0,1,0.0,0.0,0.0
1960,cooper-climax,6,15,102.0,52,0,55,94.55,10.91,1.85
1960,team_lotus,2,7,52.0,30,0,33,90.91,6.06,1.58
1960,ferrari,1,5,43.0,24,0,25,96.0,4.0,1.72
1960,watson,1,2,14.0,8,0,8,100.0,12.5,1.75
1960,brm,0,1,8.0,22,0,23,95.65,0.0,0.35
1960,epperly,0,1,4.0,6,0,6,100.0,0.0,0.67
1960,cooper-castellotti,0,0,3.0,5,0,6,83.33,0.0,0.5
1960,cooper-maserati,0,0,3.0,17,0,21,80.95,0.0,0.14
1960,phillips,0,0,3.0,1,0,1,100.0,0.0,3.0
1960,lesovsky,0,0,2.0,1,0,1,100.0,0.0,2.0
1960,porsche,0,0,1.0,2,0,2,100.0,0.0,0.5
1960,trevis,0,0,1.0,2,0,2,100.0,0.0,0.5
1960,aston_martin,0,0,0.0,2,0,3,66.67,0.0,0.0
1960,behra-porsche,0,0,0.0,2,0,2,100.0,0.0,0.0
1960,ewing,0,0,0.0,2,0,2,100.0,0.0,0.0
1960,jbw,0,0,0.0,2,0,3,66.67,0.0,0.0
1960,kurtis_kraft,0,0,0.0,8,0,8,100.0,0.0,0.0
1960,kuzma,0,0,0.0,2,0,2,100.0,0.0,0.0
1960,maserati,0,0,0.0,6,0,7,85.71,0.0,0.0
1960,meskowski,0,0,0.0,2,0,2,100.0,0.0,0.0
1960,scarab,0,0,0.0,3,0,9,33.33,0.0,0.0
1960,vanwall,0,0,0.0,1,0,1,100.0,0.0,0.0
1960,vhristensen,0,0,0.0,1,0,1,100.0,0.0,0.0
1959,cooper-climax,5,13,97.5,41,0,49,83.67,10.2,1.99
1959,ferrari,2,9,67.0,28,0,29,96.55,6.9,2.31
1959,brm,1,2,22.5,22,0,22,100.0,4.55,1.02
1959,watson,1,2,14.0,4,0,4,100.0,25.0,3.5
1959,epperly,0,0,5.0,4,0,4,100.0,0.0,1.25
1959,lesovsky,0,1,5.0,2,0,2,100.0,0.0,2.5
1959,team_lotus,0,0,5.0,17,0,19,89.47,0.0,0.26
1959,aston_martin,0,0,0.0,8,0,8,100.0,0.0,0.0
1959,connaught,0,0,0.0,0,0,1,0.0,0.0,0.0
1959,cooper-borgward,0,0,0.0,3,0,3,100.0,0.0,0.0
1959,cooper-maserati,0,0,0.0,12,0,12,100.0,0.0,0.0
1959,cooper-osca,0,0,0.0,1,0,1,100.0,0.0,0.0
1959,dunn,0,0,0.0,1,0,1,100.0,0.0,0.0
1959,elder,0,0,0.0,1,0,1,100.0,0.0,0.0
1959,fry,0,0,0.0,0,0,1,0.0,0.0,0.0
1959,jbw,0,0,0.0,1,0,1,100.0,0.0,0.0
1959,kurtis_kraft,0,0,0.0,13,0,13,100.0,0.0,0.0
1959,kuzma,0,0,0.0,5,0,5,100.0,0.0,0.0
1959,maserati,0,0,0.0,5,0,9,55.56,0.0,0.0
1959,moore,0,0,0.0,1,0,1,100.0,0.0,0.0
1959,phillips,0,0,0.0,1,0,1,100.0,0.0,0.0
1959,porsche,0,0,0.0,3,0,4,75.0,0.0,0.0
1959,sutton,0,0,0.0,1,0,1,100.0,0.0,0.0
1959,tec-mec,0,0,0.0,1,0,1,100.0,0.0,0.0
1959,vanwall,0,0,0.0,1,0,1,100.0,0.0,0.0
1959,vhristensen,0,0,0.0,1,0,1,100.0,0.0,0.0
1958,ferrari,2,14,93.0,32,0,34,94.12,5.88,2.74
1958,vanwall,6,9,68.0,26,0,27,96.3,22.22,2.52
1958,cooper,2,5,38.0,40,0,42,95.24,4.76,0.9
1958,brm,0,2,24.0,21,0,23,91.3,0.0,1.04
1958,epperly,1,2,20.0,4,0,4,100.0,25.0,5.0
1958,maserati,0,0,9.0,42,0,53,79.25,0.0,0.17
1958,kurtis_kraft,0,1,4.0,12,0,16,75.0,0.0,0.25
1958,team_lotus,0,0,3.0,19,0,19,100.0,0.0,0.16
1958,connaught,0,0,0.0,2,0,5,40.0,0.0,0.0
1958,dunn,0,0,0.0,1,0,1,100.0,0.0,0.0
1958,kuzma,0,0,0.0,4,0,5,80.0,0.0,0.0
1958,lesovsky,0,0,0.0,2,0,2,100.0,0.0,0.0
1958,osca,0,0,0.0,0,0,2,0.0,0.0,0.0
1958,phillips,0,0,0.0,1,0,1,100.0,0.0,0.0
1958,porsche,0,0,0.0,3,0,3,100.0,0.0,0.0
1958,watson,0,0,0.0,2,0,4,50.0,0.0,0.0
1957,maserati,4,10,78.0,55,0,61,90.16,6.56,1.28
1957,ferrari,0,7,48.0,32,0,32,100.0,0.0,1.5
1957,vanwall,4,5,37.0,18,0,18,100.0,22.22,2.06
1957,epperly,1,2,15.0,2,0,2,100.0,50.0,7.5
1957,kurtis_kraft,0,0,5.0,20,0,22,90.91,0.0,0.23
1957,kuzma,0,1,4.0,4,0,4,100.0,0.0,1.0
1957,connaught,0,0,3.0,2,0,2,100.0,0.0,1.5
1957,cooper,0,0,2.0,15,0,16,93.75,0.0,0.12
1957,brm,0,0,0.0,5,0,6,83.33,0.0,0.0
1957,dunn,0,0,0.0,1,0,1,100.0,0.0,0.0
1957,lesovsky,0,0,0.0,2,0,2,100.0,0.0,0.0
1957,phillips,0,0,0.0,1,0,1,100.0,0.0,0.0
1957,porsche,0,0,0.0,3,0,3,100.0,0.0,0.0
1957,watson,0,0,0.0,1,0,1,100.0,0.0,0.0
1956,ferrari,6,14,82.0,40,0,43,93.02,13.95,1.91
1956,maserati,2,11,72.0,65,0,69,94.2,2.9,1.04
1956,kurtis_kraft,0,1,12.0,24,0,24,100.0,0.0,0.5
1956,connaught,0,1,9.0,7,0,7,100.0,0.0,1.29
1956,watson,1,1,8.0,1,0,1,100.0,100.0,8.0
1956,phillips,0,1,4.0,1,0,1,100.0,0.0,4.0
1956,vanwall,0,0,3.0,12,0,14,85.71,0.0,0.21
1956,gordini,0,0,2.0,13,0,15,86.67,0.0,0.13
1956,brm,0,0,0.0,3,0,5,60.0,0.0,0.0
1956,bugatti,0,0,0.0,1,0,1,100.0,0.0,0.0
1956,cooper,0,0,0.0,1,0,1,100.0,0.0,0.0
1956,emeryson,0,0,0.0,1,0,1,100.0,0.0,0.0
1956,kuzma,0,0,0.0,6,0,6,100.0,0.0,0.0
1956,lesovsky,0,0,0.0,1,0,1,100.0,0.0,0.0
1956,stevens,0,0,0.0,1,0,1,100.0,0.0,0.0
1955,mercedes,5,10,79.0,23,0,24,95.83,20.83,3.29
1955,ferrari,1,9,33.99,27,0,31,87.1,3.23,1.1
1955,maserati,0,3,23.0,49,0,51,96.08,0.0,0.45
1955,kurtis_kraft,1,4,21.0,23,0,23,100.0,4.35,0.91
1955,lancia,0,1,8.0,9,0,9,100.0,0.0,0.89
1955,kuzma,0,0,3.0,4,0,4,100.0,0.0,0.75
1955,arzani-volpini,0,0,0.0,0,0,1,0.0,0.0,0.0
1955,connaught,0,0,0.0,4,0,5,80.0,0.0,0.0
1955,cooper,0,0,0.0,1,0,1,100.0,0.0,0.0
1955,epperly,0,0,0.0,1,0,1,100.0,0.0,0.0
1955,gordini,0,0,0.0,15,0,15,100.0,0.0,0.0
1955,hwm,0,0,0.0,0,0,1,0.0,0.0,0.0
1955,pankratz,0,0,0.0,1,0,1,100.0,0.0,0.0
1955,pawl,0,0,0.0,1,0,1,100.0,0.0,0.0
1955,phillips,0,0,0.0,1,0,1,100.0,0.0,0.0
1955,schroeder,0,0,0.0,1,0,1,100.0,0.0,0.0
1955,stevens,0,0,0.0,1,0,1,100.0,0.0,0.0
1955,trevis,0,0,0.0,2,0,2,100.0,0.0,0.0
1955,vanwall,0,0,0.0,6,0,7,85.71,0.0,0.0
1954,ferrari,2,14,80.28,46,0,47,97.87,4.26,1.71
1954,mercedes,4,7,60.14,18,0,18,100.0,22.22,3.34
1954,maserati,2,5,46.14,59,0,67,88.06,2.99,0.69
1954,kurtis_kraft,1,2,18.0,35,0,35,100.0,2.86,0.51
1954,kuzma,0,1,6.0,4,0,4,100.0,0.0,1.5
1954,gordini,0,0,4.0,23,0,25,92.0,0.0,0.16
1954,lancia,0,0,1.0,2,0,2,100.0,0.0,0.5
1954,bromme,0,0,0.0,2,0,2,100.0,0.0,0.0
1954,connaught,0,0,0.0,5,0,5,100.0,0.0,0.0
1954,cooper,0,0,0.0,4,0,6,66.67,0.0,0.0
1954,hwm,0,0,0.0,1,0,1,100.0,0.0,0.0
1954,klenk,0,0,0.0,1,0,1,100.0,0.0,0.0
1954,nichels,0,0,0.0,3,0,3,100.0,0.0,0.0
1954,pankratz,0,0,0.0,1,0,1,100.0,0.0,0.0
1954,pawl,0,0,0.0,2,0,2,100.0,0.0,0.0
1954,phillips,0,0,0.0,1,0,1,100.0,0.0,0.0
1954,schroeder,0,0,0.0,4,0,4,100.0,0.0,0.0
1954,stevens,0,0,0.0,3,0,3,100.0,0.0,0.0
1954,vanwall,0,0,0.0,2,0,3,66.67,0.0,0.0
1953,ferrari,7,16,122.5,46,0,48,95.83,14.58,2.55
1953,maserati,1,9,65.5,45,0,45,100.0,2.22,1.46
1953,kurtis_kraft,1,4,24.0,32,0,32,100.0,3.12,0.75
1953,gordini,0,0,4.0,27,0,27,100.0,0.0,0.15
1953,afm,0,0,0.0,3,0,4,75.0,0.0,0.0
1953,bmw,0,0,0.0,2,0,2,100.0,0.0,0.0
1953,bromme,0,0,0.0,1,0,1,100.0,0.0,0.0
1953,connaught,0,0,0.0,20,0,21,95.24,0.0,0.0
1953,cooper,0,0,0.0,18,0,19,94.74,0.0,0.0
1953,del_roy,0,0,0.0,1,0,1,100.0,0.0,0.0
1953,emw,0,0,0.0,1,0,1,100.0,0.0,0.0
1953,hwm,0,0,0.0,18,0,18,100.0,0.0,0.0
1953,kuzma,0,0,0.0,7,0,7,100.0,0.0,0.0
1953,lesovsky,0,0,0.0,1,0,1,100.0,0.0,0.0
1953,osca,0,0,0.0,4,0,4,100.0,0.0,0.0
1953,schroeder,0,0,0.0,1,0,1,100.0,0.0,0.0
1953,simca,0,0,0.0,2,0,2,100.0,0.0,0.0
1953,stevens,0,0,0.0,2,0,2,100.0,0.0,0.0
1953,turner,0,0,0.0,1,0,1,100.0,0.0,0.0
1953,veritas,0,0,0.0,6,0,8,75.0,0.0,0.0
1953,watson,0,0,0.0,1,0,1,100.0,0.0,0.0
1952,ferrari,7,17,120.5,46,0,49,93.88,14.29,2.46
1952,gordini,0,2,15.0,20,0,20,100.0,0.0,0.75
1952,kurtis_kraft,0,2,13.0,21,0,21,100.0,0.0,0.62
1952,cooper,0,1,12.0,16,0,16,100.0,0.0,0.75
1952,maserati,0,1,8.5,21,0,25,84.0,0.0,0.34
1952,kuzma,1,1,8.0,1,0,1,100.0,100.0,8.0
1952,connaught,0,0,5.0,8,0,8,100.0,0.0,0.62
1952,frazer_nash,0,0,3.0,4,0,4,100.0,0.0,0.75
1952,lesovsky,0,0,3.0,3,0,3,100.0,0.0,1.0
1952,hwm,0,0,2.0,22,0,25,88.0,0.0,0.08
1952,simca,0,0,2.0,8,0,9,88.89,0.0,0.22
1952,afm,0,0,0.0,3,0,3,100.0,0.0,0.0
1952,alta,0,0,0.0,2,0,2,100.0,0.0,0.0
1952,bmw,0,0,0.0,4,0,4,100.0,0.0,0.0
1952,bromme,0,0,0.0,1,0,1,100.0,0.0,0.0
1952,butterworth,0,0,0.0,2,0,4,50.0,0.0,0.0
1952,cisitalia,0,0,0.0,0,0,1,0.0,0.0,0.0
1952,deidt,0,0,0.0,1,0,1,100.0,0.0,0.0
1952,era,0,0,0.0,2,0,3,66.67,0.0,0.0
1952,osca,0,0,0.0,0,0,1,0.0,0.0,0.0
1952,sherman,0,0,0.0,1,0,1,100.0,0.0,0.0
1952,stevens,0,0,0.0,2,0,2,100.0,0.0,0.0
1952,trevis,0,0,0.0,1,0,1,100.0,0.0,0.0
1952,veritas,0,0,0.0,9,0,9,100.0,0.0,0.0
1952,watson,0,0,0.0,1,0,1,100.0,0.0,0.0
1951,ferrari,3,13,86.0,32,0,33,96.97,9.09,2.61
1951,alfa,5,11,75.0,30,0,30,100.0,16.67,2.5
1951,kurtis_kraft,1,4,19.0,17,0,17,100.0,5.88,1.12
1951,lago,0,0,5.0,44,0,45,97.78,0.0,0.11
1951,sherman,0,0,3.0,1,0,1,100.0,0.0,3.0
1951,brm,0,0,2.0,2,0,4,50.0,0.0,0.5
1951,schroeder,0,0,2.0,2,0,2,100.0,0.0,1.0
1951,alta,0,0,0.0,1,0,1,100.0,0.0,0.0
1951,bromme,0,0,0.0,1,0,1,100.0,0.0,0.0
1951,deidt,0,0,0.0,4,0,4,100.0,0.0,0.0
1951,era,0,0,0.0,2,0,2,100.0,0.0,0.0
1951,hall,0,0,0.0,1,0,1,100.0,0.0,0.0
1951,hwm,0,0,0.0,2,0,2,100.0,0.0,0.0
1951,kuzma,0,0,0.0,1,0,1,100.0,0.0,0.0
1951,lesovsky,0,0,0.0,1,0,1,100.0,0.0,0.0
1951,marchese,0,0,0.0,1,0,1,100.0,0.0,0.0
1951,maserati,0,0,0.0,13,0,14,92.86,0.0,0.0
1951,moore,0,0,0.0,1,0,1,100.0,0.0,0.0
1951,osca,0,0,0.0,1,0,1,100.0,0.0,0.0
1951,pawl,0,0,0.0,1,0,1,100.0,0.0,0.0
1951,simca,0,0,0.0,13,0,13,100.0,0.0,0.0
1951,trevis,0,0,0.0,1,0,1,100.0,0.0,0.0
1951,veritas,0,0,0.0,0,0,1,0.0,0.0,0.0
1951,watson,0,0,0.0,1,0,1,100.0,0.0,0.0
1950,alfa,6,12,89.0,20,0,22,90.91,27.27,4.05
1950,ferrari,0,4,21.0,14,0,15,93.33,0.0,1.4
1950,lago,0,2,20.0,35,0,37,94.59,0.0,0.54
1950,kurtis_kraft,1,1,14.0,15,0,15,100.0,6.67,0.93
1950,maserati,0,1,11.0,31,0,35,88.57,0.0,0.31
1950,deidt,0,2,10.0,3,0,3,100.0,0.0,3.33
1950,simca,0,0,3.0,3,0,5,60.0,0.0,0.6
1950,adams,0,0,0.0,2,0,2,100.0,0.0,0.0
1950,alta,0,0,0.0,3,0,3,100.0,0.0,0.0
1950,cooper,0,0,0.0,0,0,1,0.0,0.0,0.0
1950,era,0,0,0.0,7,0,8,87.5,0.0,0.0
1950,ewing,0,0,0.0,1,0,1,100.0,0.0,0.0
1950,langley,0,0,0.0,1,0,1,100.0,0.0,0.0
1950,lesovsky,0,0,0.0,2,0,2,100.0,0.0,0.0
1950,marchese,0,0,0.0,1,0,1,100.0,0.0,0.0
1950,milano,0,0,0.0,0,0,1,0.0,0.0,0.0
1950,moore,0,0,0.0,1,0,1,100.0,0.0,0.0
1950,nichels,0,0,0.0,1,0,1,100.0,0.0,0.0
1950,olson,0,0,0.0,1,0,1,100.0,0.0,0.0
1950,rae,0,0,0.0,1,0,1,100.0,0.0,0.0
1950,snowberger,0,0,0.0,1,0,1,100.0,0.0,0.0
1950,stevens,0,0,0.0,1,0,1,100.0,0.0,0.0
1950,watson,0,0,0.0,1,0,1,100.0,0.0,0.0
1950,wetteroth,0,0,0.0,1,0,1,100.0,0.0,0.0
